Workbook

Sheet Consolidated Detail Report
A1: Vehicle No | B1: Vehicle.No | C1: Start Time | D1: Start Location | E1: End Time | F1: End Location | G1: Total KM | H1: Running Hrs | I1: Idle Hrs | J1: Date | K1: Start Decimal Hr | L1: End Decimal Hr | M1: Slot 1 (12AM-10AM) | N1: Slot 2 (10AM-4PM) | O1: Slot 3 (4PM-8PM) | P1: Slot 4 (8PM-11:59PM) | Q1: Running Hrs | R1: Distance Bucket
A2: UP78KT8353 | B2: =TRIM(SUBSTITUTE(SUBSTITUTE(A2,"(",""),")","")) -> UP78KT8353 | C2: 19-06-2026 00:00:01 | D2: Canal Road, Phool Bagh, Civil Lines, Kanpur, Uttar Pradesh 208001, India-No Nearest POI | E2: 19-06-2026 23:25:16 | F2: Canal Road, Phool Bagh, Civil Lines, Kanpur, Uttar Pradesh 208001, India-No Nearest POI | G2: 86.110001 | H2: 11:59:09 | I2: 12:00:51 | J2: =DATE(VALUE(MID(C2,7,4)),VALUE(MID(C2,4,2)),VALUE(LEFT(C2,2))) -> 46192 | K2: =TIMEVALUE(MID(C2,12,8))*24 -> 0.00027777778 | L2: =TIMEVALUE(MID(E2,12,8))*24 -> 23.421111 | M2: =IF(AND(K2<10,L2>0),"Yes","No") -> Yes | N2: =IF(AND(K2<16,L2>10),"Yes","No") -> Yes | O2: =IF(AND(K2<20,L2>16),"Yes","No") -> Yes | P2: =IF(AND(K2<24,L2>20),"Yes","No") -> Yes | Q2: =TIMEVALUE(H2)*24 -> 11.985833 | R2: =IF(G2>1,">1 km","<=1 km") -> >1 km
A3: UP78JN3415 | B3: =TRIM(SUBSTITUTE(SUBSTITUTE(A3,"(",""),")","")) -> UP78JN3415 | C3: 19-06-2026 01:32:15 | D3: 3/16, New Azad Nagar, Bye pass Road, Opposite Dehali Sujanpura Kesa, Daheli Sujanpur KDA Colony, Kanpur, Uttar Pradesh 208014, India-No Nearest POI | E3: 19-06-2026 23:45:28 | F3: 8 Vidya Nagar Yahsoda Naga, Satbari Road, Daheli Sujanpur, Kanpur, Uttar Pradesh 208011, India-No Nearest POI | G3: 98.540001 | H3: 14:37:07 | I3: 09:22:53 | J3: =DATE(VALUE(MID(C3,7,4)),VALUE(MID(C3,4,2)),VALUE(LEFT(C3,2))) -> 46192 | K3: =TIMEVALUE(MID(C3,12,8))*24 -> 1.5375 | L3: =TIMEVALUE(MID(E3,12,8))*24 -> 23.757778 | M3: =IF(AND(K3<10,L3>0),"Yes","No") -> Yes | N3: =IF(AND(K3<16,L3>10),"Yes","No") -> Yes | O3: =IF(AND(K3<20,L3>16),"Yes","No") -> Yes | P3: =IF(AND(K3<24,L3>20),"Yes","No") -> Yes | Q3: =TIMEVALUE(H3)*24 -> 14.618611 | R3: =IF(G3>1,">1 km","<=1 km") -> >1 km
A4: UP78GT3263 | B4: =TRIM(SUBSTITUTE(SUBSTITUTE(A4,"(",""),")","")) -> UP78GT3263 | C4: 19-06-2026 09:53:38 | D4: LIG 8/9ambedkarpuram avasvikas-3 LIG 8/9ambedkarpuram avasvikas-3, Kalyanpur, Kanpur, Uttar Pradesh 208017, India-No Nearest POI | E4: 19-06-2026 20:08:01 | F4: LIG 8/9ambedkarpuram avasvikas-3 LIG 8/9ambedkarpuram avasvikas-3, Kalyanpur, Kanpur, Uttar Pradesh 208017, India-No Nearest POI | G4: 60.529999 | H4: 05:39:03 | I4: 18:20:57 | J4: =DATE(VALUE(MID(C4,7,4)),VALUE(MID(C4,4,2)),VALUE(LEFT(C4,2))) -> 46192 | K4: =TIMEVALUE(MID(C4,12,8))*24 -> 9.8938889 | L4: =TIMEVALUE(MID(E4,12,8))*24 -> 20.133611 | M4: =IF(AND(K4<10,L4>0),"Yes","No") -> Yes | N4: =IF(AND(K4<16,L4>10),"Yes","No") -> Yes | O4: =IF(AND(K4<20,L4>16),"Yes","No") -> Yes | P4: =IF(AND(K4<24,L4>20),"Yes","No") -> Yes | Q4: =TIMEVALUE(H4)*24 -> 5.6508333 | R4: =IF(G4>1,">1 km","<=1 km") -> >1 km
A5: UP78GT3265 | B5: =TRIM(SUBSTITUTE(SUBSTITUTE(A5,"(",""),")","")) -> UP78GT3265 | C5: 19-06-2026 00:31:18 | D5: Jareeb Chauki Bus Stop, Rai Purwa, Kanpur, Uttar Pradesh 208012, India-No Nearest POI | E5: 19-06-2026 23:49:16 | F5: Jareeb Chauki Bus Stop, Rai Purwa, Kanpur, Uttar Pradesh 208012, India-No Nearest POI | G5: 44.099998 | H5: 09:36:11 | I5: 14:23:49 | J5: =DATE(VALUE(MID(C5,7,4)),VALUE(MID(C5,4,2)),VALUE(LEFT(C5,2))) -> 46192 | K5: =TIMEVALUE(MID(C5,12,8))*24 -> 0.52166667 | L5: =TIMEVALUE(MID(E5,12,8))*24 -> 23.821111 | M5: =IF(AND(K5<10,L5>0),"Yes","No") -> Yes | N5: =IF(AND(K5<16,L5>10),"Yes","No") -> Yes | O5: =IF(AND(K5<20,L5>16),"Yes","No") -> Yes | P5: =IF(AND(K5<24,L5>20),"Yes","No") -> Yes | Q5: =TIMEVALUE(H5)*24 -> 9.6030556 | R5: =IF(G5>1,">1 km","<=1 km") -> >1 km
A6: UP78GT3277 | B6: =TRIM(SUBSTITUTE(SUBSTITUTE(A6,"(",""),")","")) -> UP78GT3277 | C6: 19-06-2026 01:26:27 | D6: Kakadav Road, Ambedkar Nagar, Navin Nagar, Kakadeo, Kanpur, Uttar Pradesh 208025, India-No Nearest POI | E6: 19-06-2026 23:49:16 | F6: Kakadav Road, Ambedkar Nagar, Navin Nagar, Kakadeo, Kanpur, Uttar Pradesh 208025, India-No Nearest POI | G6: 49.84 | H6: 11:11:45 | I6: 12:48:15 | J6: =DATE(VALUE(MID(C6,7,4)),VALUE(MID(C6,4,2)),VALUE(LEFT(C6,2))) -> 46192 | K6: =TIMEVALUE(MID(C6,12,8))*24 -> 1.4408333 | L6: =TIMEVALUE(MID(E6,12,8))*24 -> 23.821111 | M6: =IF(AND(K6<10,L6>0),"Yes","No") -> Yes | N6: =IF(AND(K6<16,L6>10),"Yes","No") -> Yes | O6: =IF(AND(K6<20,L6>16),"Yes","No") -> Yes | P6: =IF(AND(K6<24,L6>20),"Yes","No") -> Yes | Q6: =TIMEVALUE(H6)*24 -> 11.195833 | R6: =IF(G6>1,">1 km","<=1 km") -> >1 km
A7: UP78GT3262 | B7: =TRIM(SUBSTITUTE(SUBSTITUTE(A7,"(",""),")","")) -> UP78GT3262 | C7: 19-06-2026 00:21:08 | D7: 827B, Panki Road, Shahpur, Swaraj Nagar, Kanpur, Uttar Pradesh 208020, India-No Nearest POI | E7: 19-06-2026 23:45:23 | F7: guru kripa 485, 7, B Block, Panki, Kanpur, Uttar Pradesh 208020, India-No Nearest POI | G7: 90.830002 | H7: 09:14:44 | I7: 14:45:16 | J7: =DATE(VALUE(MID(C7,7,4)),VALUE(MID(C7,4,2)),VALUE(LEFT(C7,2))) -> 46192 | K7: =TIMEVALUE(MID(C7,12,8))*24 -> 0.35222222 | L7: =TIMEVALUE(MID(E7,12,8))*24 -> 23.756389 | M7: =IF(AND(K7<10,L7>0),"Yes","No") -> Yes | N7: =IF(AND(K7<16,L7>10),"Yes","No") -> Yes | O7: =IF(AND(K7<20,L7>16),"Yes","No") -> Yes | P7: =IF(AND(K7<24,L7>20),"Yes","No") -> Yes | Q7: =TIMEVALUE(H7)*24 -> 9.2455556 | R7: =IF(G7>1,">1 km","<=1 km") -> >1 km
A8: UP78GT3264 | B8: =TRIM(SUBSTITUTE(SUBSTITUTE(A8,"(",""),")","")) -> UP78GT3264 | C8: 19-06-2026 10:29:08 | D8: City By Pass, Kidwai Nagar-No Nearest POI | E8: 19-06-2026 17:17:13 | F8: City By Pass, Kidwai Nagar-No Nearest POI | G8: 20.870001 | H8: 01:01:44 | I8: 22:58:16 | J8: =DATE(VALUE(MID(C8,7,4)),VALUE(MID(C8,4,2)),VALUE(LEFT(C8,2))) -> 46192 | K8: =TIMEVALUE(MID(C8,12,8))*24 -> 10.485556 | L8: =TIMEVALUE(MID(E8,12,8))*24 -> 17.286944 | M8: =IF(AND(K8<10,L8>0),"Yes","No") -> No | N8: =IF(AND(K8<16,L8>10),"Yes","No") -> Yes | O8: =IF(AND(K8<20,L8>16),"Yes","No") -> Yes | P8: =IF(AND(K8<24,L8>20),"Yes","No") -> No | Q8: =TIMEVALUE(H8)*24 -> 1.0288889 | R8: =IF(G8>1,">1 km","<=1 km") -> >1 km
A9: UP78GT3266 | B9: =TRIM(SUBSTITUTE(SUBSTITUTE(A9,"(",""),")","")) -> UP78GT3266 | C9: 19-06-2026 00:00:14 | D9: Bithoor Rd, Singhpur, Kalyanpur, Kanpur, Uttar Pradesh 208017, India-No Nearest POI | E9: 19-06-2026 23:52:50 | F9: HIG-37, Indira Nagar, Kalyanpur, Kanpur, Uttar Pradesh 208017, India-No Nearest POI | G9: 40.07 | H9: 06:40:52 | I9: 17:19:08 | J9: =DATE(VALUE(MID(C9,7,4)),VALUE(MID(C9,4,2)),VALUE(LEFT(C9,2))) -> 46192 | K9: =TIMEVALUE(MID(C9,12,8))*24 -> 0.0038888889 | L9: =TIMEVALUE(MID(E9,12,8))*24 -> 23.880556 | M9: =IF(AND(K9<10,L9>0),"Yes","No") -> Yes | N9: =IF(AND(K9<16,L9>10),"Yes","No") -> Yes | O9: =IF(AND(K9<20,L9>16),"Yes","No") -> Yes | P9: =IF(AND(K9<24,L9>20),"Yes","No") -> Yes | Q9: =TIMEVALUE(H9)*24 -> 6.6811111 | R9: =IF(G9>1,">1 km","<=1 km") -> >1 km
A10: UP78KT8354 | B10: =TRIM(SUBSTITUTE(SUBSTITUTE(A10,"(",""),")","")) -> UP78KT8354 | C10: 19-06-2026 01:11:51 | D10: Canal Road, Sadr Bazaar, Mirpur, Kanpur, Uttar Pradesh 208001, India-No Nearest POI | E10: 19-06-2026 23:56:16 | F10: 63/2A ,2nd Floor ,Shri Balaji Complex The Mall,, Kanpur, Uttar Pradesh 208001, India-No Nearest POI | G10: 41.169998 | H10: 05:00:06 | I10: 18:59:54 | J10: =DATE(VALUE(MID(C10,7,4)),VALUE(MID(C10,4,2)),VALUE(LEFT(C10,2))) -> 46192 | K10: =TIMEVALUE(MID(C10,12,8))*24 -> 1.1975 | L10: =TIMEVALUE(MID(E10,12,8))*24 -> 23.937778 | M10: =IF(AND(K10<10,L10>0),"Yes","No") -> Yes | N10: =IF(AND(K10<16,L10>10),"Yes","No") -> Yes | O10: =IF(AND(K10<20,L10>16),"Yes","No") -> Yes | P10: =IF(AND(K10<24,L10>20),"Yes","No") -> Yes | Q10: =TIMEVALUE(H10)*24 -> 5.0016667 | R10: =IF(G10>1,">1 km","<=1 km") -> >1 km
A11: UP78KT8348 | B11: =TRIM(SUBSTITUTE(SUBSTITUTE(A11,"(",""),")","")) -> UP78KT8348 | C11: 19-06-2026 00:10:59 | D11: Infomania Internet Cafe, Hans Puram-No Nearest POI | E11: 19-06-2026 23:44:17 | F11: Annapurna Restaurant, Naubasta-No Nearest POI | G11: 60.380001 | H11: 14:44:35 | I11: 09:15:25 | J11: =DATE(VALUE(MID(C11,7,4)),VALUE(MID(C11,4,2)),VALUE(LEFT(C11,2))) -> 46192 | K11: =TIMEVALUE(MID(C11,12,8))*24 -> 0.18305556 | L11: =TIMEVALUE(MID(E11,12,8))*24 -> 23.738056 | M11: =IF(AND(K11<10,L11>0),"Yes","No") -> Yes | N11: =IF(AND(K11<16,L11>10),"Yes","No") -> Yes | O11: =IF(AND(K11<20,L11>16),"Yes","No") -> Yes | P11: =IF(AND(K11<24,L11>20),"Yes","No") -> Yes | Q11: =TIMEVALUE(H11)*24 -> 14.743056 | R11: =IF(G11>1,">1 km","<=1 km") -> >1 km
A12: UP78GT4969 | B12: =TRIM(SUBSTITUTE(SUBSTITUTE(A12,"(",""),")","")) -> UP78GT4969 | C12: 19-06-2026 00:30:00 | D12: Canal Road, Sadr Bazaar, Mirpur, Kanpur, Uttar Pradesh 208001, India-No Nearest POI | E12: 19-06-2026 20:56:43 | F12: 59/74, Birhana Rd, Kalyani Market, General Ganj, Kanpur, Uttar Pradesh 208001, India-No Nearest POI | G12: 22.98 | H12: 08:49:14 | I12: 15:10:46 | J12: =DATE(VALUE(MID(C12,7,4)),VALUE(MID(C12,4,2)),VALUE(LEFT(C12,2))) -> 46192 | K12: =TIMEVALUE(MID(C12,12,8))*24 -> 0.5 | L12: =TIMEVALUE(MID(E12,12,8))*24 -> 20.945278 | M12: =IF(AND(K12<10,L12>0),"Yes","No") -> Yes | N12: =IF(AND(K12<16,L12>10),"Yes","No") -> Yes | O12: =IF(AND(K12<20,L12>16),"Yes","No") -> Yes | P12: =IF(AND(K12<24,L12>20),"Yes","No") -> Yes | Q12: =TIMEVALUE(H12)*24 -> 8.8205556 | R12: =IF(G12>1,">1 km","<=1 km") -> >1 km
A13: UP78KT8349 | B13: =TRIM(SUBSTITUTE(SUBSTITUTE(A13,"(",""),")","")) -> UP78KT8349 | C13: 19-06-2026 00:18:49 | D13: Jhansi-Kanpur Highway, Saraimita, Kanpur, Uttar Pradesh 208020, India-No Nearest POI | E13: 19-06-2026 20:04:41 | F13: Jhansi-Kanpur Highway, Saraimita, Kanpur, Uttar Pradesh 208020, India-No Nearest POI | G13: 46.509998 | H13: 06:11:44 | I13: 17:48:16 | J13: =DATE(VALUE(MID(C13,7,4)),VALUE(MID(C13,4,2)),VALUE(LEFT(C13,2))) -> 46192 | K13: =TIMEVALUE(MID(C13,12,8))*24 -> 0.31361111 | L13: =TIMEVALUE(MID(E13,12,8))*24 -> 20.078056 | M13: =IF(AND(K13<10,L13>0),"Yes","No") -> Yes | N13: =IF(AND(K13<16,L13>10),"Yes","No") -> Yes | O13: =IF(AND(K13<20,L13>16),"Yes","No") -> Yes | P13: =IF(AND(K13<24,L13>20),"Yes","No") -> Yes | Q13: =TIMEVALUE(H13)*24 -> 6.1955556 | R13: =IF(G13>1,">1 km","<=1 km") -> >1 km
... A41: UP78LN5012 ( ) | B41: =TRIM(SUBSTITUTE(SUBSTITUTE(A41,"(",""),")","")) -> UP78LN5012 | C41: 19-06-2026 01:07:07 | D41: Bithoor Rd, Ramel Nagar, Balmiki Nagar, Bithoor, Kanpur, Uttar Pradesh 209201, India-No Nearest POI | E41: 19-06-2026 23:53:00 | F41: Bithoor Rd, Northern Rly. Colony, Uttar Pradesh 208017, India-No Nearest POI | G41: 131.67 | H41: 13:06:23 | I41: 10:53:37 | J41: =DATE(VALUE(MID(C41,7,4)),VALUE(MID(C41,4,2)),VALUE(LEFT(C41,2))) -> 46192 | K41: =TIMEVALUE(MID(C41,12,8))*24 -> 1.1186111 | L41: =TIMEVALUE(MID(E41,12,8))*24 -> 23.883333 | M41: =IF(AND(K41<10,L41>0),"Yes","No") -> Yes | N41: =IF(AND(K41<16,L41>10),"Yes","No") -> Yes | O41: =IF(AND(K41<20,L41>16),"Yes","No") -> Yes | P41: =IF(AND(K41<24,L41>20),"Yes","No") -> Yes | Q41: =TIMEVALUE(H41)*24 -> 13.106389 | R41: =IF(G41>1,">1 km","<=1 km") -> >1 km
A42: Total | R42: =SUBTOTAL(103,RawDataTable[Distance Bucket]) -> 40
A45: NOTE: To add more days, paste new rows directly below the last row of this table (columns A,C,D,E,F,G,H,I only — the rest are formulas and will auto-fill if you drag them down, or the Excel Table will auto-extend formulas automatically when you add a row right below the table).

Sheet Calculations
A1: Vehicle No | B1: Trips/Days | C1: Total KM (All Days) | D1: Daily Avg KM | E1: Avg Running Hrs (Decimal) | F1: Days >1 km | G1: Days <=1 km | H1: Slot 1 Active Days | I1: Slot 2 Active Days | J1: Slot 3 Active Days | K1: Slot 4 Active Days | L1: Most Continuous | M1: Longest Distance Travel
A2: UP78GT3262 | B2: =COUNTIF('Consolidated Detail Report'!$B:$B,A2) -> 1 | C2: =SUMIF('Consolidated Detail Report'!$B:$B,A2,'Consolidated Detail Report'!$G:$G) -> 90.830002 | D2: =IFERROR(C2/B2,0) -> 90.830002 | E2: =IFERROR(AVERAGEIF('Consolidated Detail Report'!$B:$B,A2,'Consolidated Detail Report'!$Q:$Q),0) -> 9.2455556 | F2: =COUNTIFS('Consolidated Detail Report'!$B:$B,A2,'Consolidated Detail Report'!$G:$G,">1") -> 1 | G2: =COUNTIFS('Consolidated Detail Report'!$B:$B,A2,'Consolidated Detail Report'!$G:$G,"<=1") -> 0 | H2: =COUNTIFS('Consolidated Detail Report'!$B:$B,A2,'Consolidated Detail Report'!$M:$M,"Yes") -> 1 | I2: =COUNTIFS('Consolidated Detail Report'!$B:$B,A2,'Consolidated Detail Report'!$N:$N,"Yes") -> 1 | J2: =COUNTIFS('Consolidated Detail Report'!$B:$B,A2,'Consolidated Detail Report'!$O:$O,"Yes") -> 1 | K2: =COUNTIFS('Consolidated Detail Report'!$B:$B,A2,'Consolidated Detail Report'!$P:$P,"Yes") -> 1
A3: UP78GT3263 | B3: =COUNTIF('Consolidated Detail Report'!$B:$B,A3) -> 1 | C3: =SUMIF('Consolidated Detail Report'!$B:$B,A3,'Consolidated Detail Report'!$G:$G) -> 60.529999 | D3: =IFERROR(C3/B3,0) -> 60.529999 | E3: =IFERROR(AVERAGEIF('Consolidated Detail Report'!$B:$B,A3,'Consolidated Detail Report'!$Q:$Q),0) -> 5.6508333 | F3: =COUNTIFS('Consolidated Detail Report'!$B:$B,A3,'Consolidated Detail Report'!$G:$G,">1") -> 1 | G3: =COUNTIFS('Consolidated Detail Report'!$B:$B,A3,'Consolidated Detail Report'!$G:$G,"<=1") -> 0 | H3: =COUNTIFS('Consolidated Detail Report'!$B:$B,A3,'Consolidated Detail Report'!$M:$M,"Yes") -> 1 | I3: =COUNTIFS('Consolidated Detail Report'!$B:$B,A3,'Consolidated Detail Report'!$N:$N,"Yes") -> 1 | J3: =COUNTIFS('Consolidated Detail Report'!$B:$B,A3,'Consolidated Detail Report'!$O:$O,"Yes") -> 1 | K3: =COUNTIFS('Consolidated Detail Report'!$B:$B,A3,'Consolidated Detail Report'!$P:$P,"Yes") -> 1 | L3: =IF(E3=MAX($E$2:$E$41),"<-- Most Continuous","")
A4: UP78GT3264 | B4: =COUNTIF('Consolidated Detail Report'!$B:$B,A4) -> 1 | C4: =SUMIF('Consolidated Detail Report'!$B:$B,A4,'Consolidated Detail Report'!$G:$G) -> 20.870001 | D4: =IFERROR(C4/B4,0) -> 20.870001 | E4: =IFERROR(AVERAGEIF('Consolidated Detail Report'!$B:$B,A4,'Consolidated Detail Report'!$Q:$Q),0) -> 1.0288889 | F4: =COUNTIFS('Consolidated Detail Report'!$B:$B,A4,'Consolidated Detail Report'!$G:$G,">1") -> 1 | G4: =COUNTIFS('Consolidated Detail Report'!$B:$B,A4,'Consolidated Detail Report'!$G:$G,"<=1") -> 0 | H4: =COUNTIFS('Consolidated Detail Report'!$B:$B,A4,'Consolidated Detail Report'!$M:$M,"Yes") -> 0 | I4: =COUNTIFS('Consolidated Detail Report'!$B:$B,A4,'Consolidated Detail Report'!$N:$N,"Yes") -> 1 | J4: =COUNTIFS('Consolidated Detail Report'!$B:$B,A4,'Consolidated Detail Report'!$O:$O,"Yes") -> 1 | K4: =COUNTIFS('Consolidated Detail Report'!$B:$B,A4,'Consolidated Detail Report'!$P:$P,"Yes") -> 0 | L4: =IF(E4=MAX($E$2:$E$41),"<-- Most Continuous","")
A5: UP78GT3265 | B5: =COUNTIF('Consolidated Detail Report'!$B:$B,A5) -> 1 | C5: =SUMIF('Consolidated Detail Report'!$B:$B,A5,'Consolidated Detail Report'!$G:$G) -> 44.099998 | D5: =IFERROR(C5/B5,0) -> 44.099998 | E5: =IFERROR(AVERAGEIF('Consolidated Detail Report'!$B:$B,A5,'Consolidated Detail Report'!$Q:$Q),0) -> 9.6030556 | F5: =COUNTIFS('Consolidated Detail Report'!$B:$B,A5,'Consolidated Detail Report'!$G:$G,">1") -> 1 | G5: =COUNTIFS('Consolidated Detail Report'!$B:$B,A5,'Consolidated Detail Report'!$G:$G,"<=1") -> 0 | H5: =COUNTIFS('Consolidated Detail Report'!$B:$B,A5,'Consolidated Detail Report'!$M:$M,"Yes") -> 1 | I5: =COUNTIFS('Consolidated Detail Report'!$B:$B,A5,'Consolidated Detail Report'!$N:$N,"Yes") -> 1 | J5: =COUNTIFS('Consolidated Detail Report'!$B:$B,A5,'Consolidated Detail Report'!$O:$O,"Yes") -> 1 | K5: =COUNTIFS('Consolidated Detail Report'!$B:$B,A5,'Consolidated Detail Report'!$P:$P,"Yes") -> 1 | L5: =IF(E5=MAX($E$2:$E$41),"<-- Most Continuous","")
A6: UP78GT3266 | B6: =COUNTIF('Consolidated Detail Report'!$B:$B,A6) -> 1 | C6: =SUMIF('Consolidated Detail Report'!$B:$B,A6,'Consolidated Detail Report'!$G:$G) -> 40.07 | D6: =IFERROR(C6/B6,0) -> 40.07 | E6: =IFERROR(AVERAGEIF('Consolidated Detail Report'!$B:$B,A6,'Consolidated Detail Report'!$Q:$Q),0) -> 6.6811111 | F6: =COUNTIFS('Consolidated Detail Report'!$B:$B,A6,'Consolidated Detail Report'!$G:$G,">1") -> 1 | G6: =COUNTIFS('Consolidated Detail Report'!$B:$B,A6,'Consolidated Detail Report'!$G:$G,"<=1") -> 0 | H6: =COUNTIFS('Consolidated Detail Report'!$B:$B,A6,'Consolidated Detail Report'!$M:$M,"Yes") -> 1 | I6: =COUNTIFS('Consolidated Detail Report'!$B:$B,A6,'Consolidated Detail Report'!$N:$N,"Yes") -> 1 | J6: =COUNTIFS('Consolidated Detail Report'!$B:$B,A6,'Consolidated Detail Report'!$O:$O,"Yes") -> 1 | K6: =COUNTIFS('Consolidated Detail Report'!$B:$B,A6,'Consolidated Detail Report'!$P:$P,"Yes") -> 1 | L6: =IF(E6=MAX($E$2:$E$41),"<-- Most Continuous","")
A7: UP78GT3267 | B7: =COUNTIF('Consolidated Detail Report'!$B:$B,A7) -> 1 | C7: =SUMIF('Consolidated Detail Report'!$B:$B,A7,'Consolidated Detail Report'!$G:$G) -> 27.690001 | D7: =IFERROR(C7/B7,0) -> 27.690001 | E7: =IFERROR(AVERAGEIF('Consolidated Detail Report'!$B:$B,A7,'Consolidated Detail Report'!$Q:$Q),0) -> 4.1927778 | F7: =COUNTIFS('Consolidated Detail Report'!$B:$B,A7,'Consolidated Detail Report'!$G:$G,">1") -> 1 | G7: =COUNTIFS('Consolidated Detail Report'!$B:$B,A7,'Consolidated Detail Report'!$G:$G,"<=1") -> 0 | H7: =COUNTIFS('Consolidated Detail Report'!$B:$B,A7,'Consolidated Detail Report'!$M:$M,"Yes") -> 1 | I7: =COUNTIFS('Consolidated Detail Report'!$B:$B,A7,'Consolidated Detail Report'!$N:$N,"Yes") -> 1 | J7: =COUNTIFS('Consolidated Detail Report'!$B:$B,A7,'Consolidated Detail Report'!$O:$O,"Yes") -> 1 | K7: =COUNTIFS('Consolidated Detail Report'!$B:$B,A7,'Consolidated Detail Report'!$P:$P,"Yes") -> 1 | L7: =IF(E7=MAX($E$2:$E$41),"<-- Most Continuous","")
A8: UP78GT3277 | B8: =COUNTIF('Consolidated Detail Report'!$B:$B,A8) -> 1 | C8: =SUMIF('Consolidated Detail Report'!$B:$B,A8,'Consolidated Detail Report'!$G:$G) -> 49.84 | D8: =IFERROR(C8/B8,0) -> 49.84 | E8: =IFERROR(AVERAGEIF('Consolidated Detail Report'!$B:$B,A8,'Consolidated Detail Report'!$Q:$Q),0) -> 11.195833 | F8: =COUNTIFS('Consolidated Detail Report'!$B:$B,A8,'Consolidated Detail Report'!$G:$G,">1") -> 1 | G8: =COUNTIFS('Consolidated Detail Report'!$B:$B,A8,'Consolidated Detail Report'!$G:$G,"<=1") -> 0 | H8: =COUNTIFS('Consolidated Detail Report'!$B:$B,A8,'Consolidated Detail Report'!$M:$M,"Yes") -> 1 | I8: =COUNTIFS('Consolidated Detail Report'!$B:$B,A8,'Consolidated Detail Report'!$N:$N,"Yes") -> 1 | J8: =COUNTIFS('Consolidated Detail Report'!$B:$B,A8,'Consolidated Detail Report'!$O:$O,"Yes") -> 1 | K8: =COUNTIFS('Consolidated Detail Report'!$B:$B,A8,'Consolidated Detail Report'!$P:$P,"Yes") -> 1 | L8: =IF(E8=MAX($E$2:$E$41),"<-- Most Continuous","")
A9: UP78GT3615 | B9: =COUNTIF('Consolidated Detail Report'!$B:$B,A9) -> 1 | C9: =SUMIF('Consolidated Detail Report'!$B:$B,A9,'Consolidated Detail Report'!$G:$G) -> 51.439999 | D9: =IFERROR(C9/B9,0) -> 51.439999 | E9: =IFERROR(AVERAGEIF('Consolidated Detail Report'!$B:$B,A9,'Consolidated Detail Report'!$Q:$Q),0) -> 7.6791667 | F9: =COUNTIFS('Consolidated Detail Report'!$B:$B,A9,'Consolidated Detail Report'!$G:$G,">1") -> 1 | G9: =COUNTIFS('Consolidated Detail Report'!$B:$B,A9,'Consolidated Detail Report'!$G:$G,"<=1") -> 0 | H9: =COUNTIFS('Consolidated Detail Report'!$B:$B,A9,'Consolidated Detail Report'!$M:$M,"Yes") -> 1 | I9: =COUNTIFS('Consolidated Detail Report'!$B:$B,A9,'Consolidated Detail Report'!$N:$N,"Yes") -> 1 | J9: =COUNTIFS('Consolidated Detail Report'!$B:$B,A9,'Consolidated Detail Report'!$O:$O,"Yes") -> 1 | K9: =COUNTIFS('Consolidated Detail Report'!$B:$B,A9,'Consolidated Detail Report'!$P:$P,"Yes") -> 1 | L9: =IF(E9=MAX($E$2:$E$41),"<-- Most Continuous","")
A10: UP78GT4955 | B10: =COUNTIF('Consolidated Detail Report'!$B:$B,A10) -> 1 | C10: =SUMIF('Consolidated Detail Report'!$B:$B,A10,'Consolidated Detail Report'!$G:$G) -> 177.42999 | D10: =IFERROR(C10/B10,0) -> 177.42999 | E10: =IFERROR(AVERAGEIF('Consolidated Detail Report'!$B:$B,A10,'Consolidated Detail Report'!$Q:$Q),0) -> 5.9061111 | F10: =COUNTIFS('Consolidated Detail Report'!$B:$B,A10,'Consolidated Detail Report'!$G:$G,">1") -> 1 | G10: =COUNTIFS('Consolidated Detail Report'!$B:$B,A10,'Consolidated Detail Report'!$G:$G,"<=1") -> 0 | H10: =COUNTIFS('Consolidated Detail Report'!$B:$B,A10,'Consolidated Detail Report'!$M:$M,"Yes") -> 1 | I10: =COUNTIFS('Consolidated Detail Report'!$B:$B,A10,'Consolidated Detail Report'!$N:$N,"Yes") -> 1 | J10: =COUNTIFS('Consolidated Detail Report'!$B:$B,A10,'Consolidated Detail Report'!$O:$O,"Yes") -> 1 | K10: =COUNTIFS('Consolidated Detail Report'!$B:$B,A10,'Consolidated Detail Report'!$P:$P,"Yes") -> 1 | L10: =IF(E10=MAX($E$2:$E$41),"<-- Most Continuous","") | M10: =IF(D10=MAX($D$2:$D$41),"Longest Distance Travel""") -> Longest Distance Travel"
A11: UP78GT4959 | B11: =COUNTIF('Consolidated Detail Report'!$B:$B,A11) -> 1 | C11: =SUMIF('Consolidated Detail Report'!$B:$B,A11,'Consolidated Detail Report'!$G:$G) -> 102.79 | D11: =IFERROR(C11/B11,0) -> 102.79 | E11: =IFERROR(AVERAGEIF('Consolidated Detail Report'!$B:$B,A11,'Consolidated Detail Report'!$Q:$Q),0) -> 18.369722 | F11: =COUNTIFS('Consolidated Detail Report'!$B:$B,A11,'Consolidated Detail Report'!$G:$G,">1") -> 1 | G11: =COUNTIFS('Consolidated Detail Report'!$B:$B,A11,'Consolidated Detail Report'!$G:$G,"<=1") -> 0 | H11: =COUNTIFS('Consolidated Detail Report'!$B:$B,A11,'Consolidated Detail Report'!$M:$M,"Yes") -> 1 | I11: =COUNTIFS('Consolidated Detail Report'!$B:$B,A11,'Consolidated Detail Report'!$N:$N,"Yes") -> 1 | J11: =COUNTIFS('Consolidated Detail Report'!$B:$B,A11,'Consolidated Detail Report'!$O:$O,"Yes") -> 1 | K11: =COUNTIFS('Consolidated Detail Report'!$B:$B,A11,'Consolidated Detail Report'!$P:$P,"Yes") -> 1 | L11: =IF(E11=MAX($E$2:$E$41)," Most Continuous","") -> Most Continuous
A12: UP78GT4960 | B12: =COUNTIF('Consolidated Detail Report'!$B:$B,A12) -> 1 | C12: =SUMIF('Consolidated Detail Report'!$B:$B,A12,'Consolidated Detail Report'!$G:$G) -> 51.900002 | D12: =IFERROR(C12/B12,0) -> 51.900002 | E12: =IFERROR(AVERAGEIF('Consolidated Detail Report'!$B:$B,A12,'Consolidated Detail Report'!$Q:$Q),0) -> 10.979444 | F12: =COUNTIFS('Consolidated Detail Report'!$B:$B,A12,'Consolidated Detail Report'!$G:$G,">1") -> 1 | G12: =COUNTIFS('Consolidated Detail Report'!$B:$B,A12,'Consolidated Detail Report'!$G:$G,"<=1") -> 0 | H12: =COUNTIFS('Consolidated Detail Report'!$B:$B,A12,'Consolidated Detail Report'!$M:$M,"Yes") -> 1 | I12: =COUNTIFS('Consolidated Detail Report'!$B:$B,A12,'Consolidated Detail Report'!$N:$N,"Yes") -> 1 | J12: =COUNTIFS('Consolidated Detail Report'!$B:$B,A12,'Consolidated Detail Report'!$O:$O,"Yes") -> 1 | K12: =COUNTIFS('Consolidated Detail Report'!$B:$B,A12,'Consolidated Detail Report'!$P:$P,"Yes") -> 1 | L12: =IF(E12=MAX($E$2:$E$41),"<-- Most Continuous","")
A13: UP78GT4961 | B13: =COUNTIF('Consolidated Detail Report'!$B:$B,A13) -> 1 | C13: =SUMIF('Consolidated Detail Report'!$B:$B,A13,'Consolidated Detail Report'!$G:$G) -> 64.760002 | D13: =IFERROR(C13/B13,0) -> 64.760002 | E13: =IFERROR(AVERAGEIF('Consolidated Detail Report'!$B:$B,A13,'Consolidated Detail Report'!$Q:$Q),0) -> 11.961667 | F13: =COUNTIFS('Consolidated Detail Report'!$B:$B,A13,'Consolidated Detail Report'!$G:$G,">1") -> 1 | G13: =COUNTIFS('Consolidated Detail Report'!$B:$B,A13,'Consolidated Detail Report'!$G:$G,"<=1") -> 0 | H13: =COUNTIFS('Consolidated Detail Report'!$B:$B,A13,'Consolidated Detail Report'!$M:$M,"Yes") -> 1 | I13: =COUNTIFS('Consolidated Detail Report'!$B:$B,A13,'Consolidated Detail Report'!$N:$N,"Yes") -> 1 | J13: =COUNTIFS('Consolidated Detail Report'!$B:$B,A13,'Consolidated Detail Report'!$O:$O,"Yes") -> 1 | K13: =COUNTIFS('Consolidated Detail Report'!$B:$B,A13,'Consolidated Detail Report'!$P:$P,"Yes") -> 1 | L13: =IF(E13=MAX($E$2:$E$41),"<-- Most Continuous","")
A14: UP78GT4963 | B14: =COUNTIF('Consolidated Detail Report'!$B:$B,A14) -> 1 | C14: =SUMIF('Consolidated Detail Report'!$B:$B,A14,'Consolidated Detail Report'!$G:$G) -> 39.110001 | D14: =IFERROR(C14/B14,0) -> 39.110001 | E14: =IFERROR(AVERAGEIF('Consolidated Detail Report'!$B:$B,A14,'Consolidated Detail Report'!$Q:$Q),0) -> 11.208611 | F14: =COUNTIFS('Consolidated Detail Report'!$B:$B,A14,'Consolidated Detail Report'!$G:$G,">1") -> 1 | G14: =COUNTIFS('Consolidated Detail Report'!$B:$B,A14,'Consolidated Detail Report'!$G:$G,"<=1") -> 0 | H14: =COUNTIFS('Consolidated Detail Report'!$B:$B,A14,'Consolidated Detail Report'!$M:$M,"Yes") -> 1 | I14: =COUNTIFS('Consolidated Detail Report'!$B:$B,A14,'Consolidated Detail Report'!$N:$N,"Yes") -> 1 | J14: =COUNTIFS('Consolidated Detail Report'!$B:$B,A14,'Consolidated Detail Report'!$O:$O,"Yes") -> 1 | K14: =COUNTIFS('Consolidated Detail Report'!$B:$B,A14,'Consolidated Detail Report'!$P:$P,"Yes") -> 1 | L14: =IF(E14=MAX($E$2:$E$41),"<-- Most Continuous","")
A15: UP78GT4964 | B15: =COUNTIF('Consolidated Detail Report'!$B:$B,A15) -> 1 | C15: =SUMIF('Consolidated Detail Report'!$B:$B,A15,'Consolidated Detail Report'!$G:$G) -> 28.01 | D15: =IFERROR(C15/B15,0) -> 28.01 | E15: =IFERROR(AVERAGEIF('Consolidated Detail Report'!$B:$B,A15,'Consolidated Detail Report'!$Q:$Q),0) -> 3.2488889 | F15: =COUNTIFS('Consolidated Detail Report'!$B:$B,A15,'Consolidated Detail Report'!$G:$G,">1") -> 1 | G15: =COUNTIFS('Consolidated Detail Report'!$B:$B,A15,'Consolidated Detail Report'!$G:$G,"<=1") -> 0 | H15: =COUNTIFS('Consolidated Detail Report'!$B:$B,A15,'Consolidated Detail Report'!$M:$M,"Yes") -> 1 | I15: =COUNTIFS('Consolidated Detail Report'!$B:$B,A15,'Consolidated Detail Report'!$N:$N,"Yes") -> 1 | J15: =COUNTIFS('Consolidated Detail Report'!$B:$B,A15,'Consolidated Detail Report'!$O:$O,"Yes") -> 0 | K15: =COUNTIFS('Consolidated Detail Report'!$B:$B,A15,'Consolidated Detail Report'!$P:$P,"Yes") -> 0 | L15: =IF(E15=MAX($E$2:$E$41),"<-- Most Continuous","")
A16: UP78GT4969 | B16: =COUNTIF('Consolidated Detail Report'!$B:$B,A16) -> 1 | C16: =SUMIF('Consolidated Detail Report'!$B:$B,A16,'Consolidated Detail Report'!$G:$G) -> 22.98 | D16: =IFERROR(C16/B16,0) -> 22.98 | E16: =IFERROR(AVERAGEIF('Consolidated Detail Report'!$B:$B,A16,'Consolidated Detail Report'!$Q:$Q),0) -> 8.8205556 | F16: =COUNTIFS('Consolidated Detail Report'!$B:$B,A16,'Consolidated Detail Report'!$G:$G,">1") -> 1 | G16: =COUNTIFS('Consolidated Detail Report'!$B:$B,A16,'Consolidated Detail Report'!$G:$G,"<=1") -> 0 | H16: =COUNTIFS('Consolidated Detail Report'!$B:$B,A16,'Consolidated Detail Report'!$M:$M,"Yes") -> 1 | I16: =COUNTIFS('Consolidated Detail Report'!$B:$B,A16,'Consolidated Detail Report'!$N:$N,"Yes") -> 1 | J16: =COUNTIFS('Consolidated Detail Report'!$B:$B,A16,'Consolidated Detail Report'!$O:$O,"Yes") -> 1 | K16: =COUNTIFS('Consolidated Detail Report'!$B:$B,A16,'Consolidated Detail Report'!$P:$P,"Yes") -> 1 | L16: =IF(E16=MAX($E$2:$E$41),"<-- Most Continuous","")
A17: UP78GT4981 | B17: =COUNTIF('Consolidated Detail Report'!$B:$B,A17) -> 1 | C17: =SUMIF('Consolidated Detail Report'!$B:$B,A17,'Consolidated Detail Report'!$G:$G) -> 61.439999 | D17: =IFERROR(C17/B17,0) -> 61.439999 | E17: =IFERROR(AVERAGEIF('Consolidated Detail Report'!$B:$B,A17,'Consolidated Detail Report'!$Q:$Q),0) -> 7.3822222 | F17: =COUNTIFS('Consolidated Detail Report'!$B:$B,A17,'Consolidated Detail Report'!$G:$G,">1") -> 1 | G17: =COUNTIFS('Consolidated Detail Report'!$B:$B,A17,'Consolidated Detail Report'!$G:$G,"<=1") -> 0 | H17: =COUNTIFS('Consolidated Detail Report'!$B:$B,A17,'Consolidated Detail Report'!$M:$M,"Yes") -> 1 | I17: =COUNTIFS('Consolidated Detail Report'!$B:$B,A17,'Consolidated Detail Report'!$N:$N,"Yes") -> 1 | J17: =COUNTIFS('Consolidated Detail Report'!$B:$B,A17,'Consolidated Detail Report'!$O:$O,"Yes") -> 1 | K17: =COUNTIFS('Consolidated Detail Report'!$B:$B,A17,'Consolidated Detail Report'!$P:$P,"Yes") -> 1 | L17: =IF(E17=MAX($E$2:$E$41),"<-- Most Continuous","")
A18: UP78GT5309 | B18: =COUNTIF('Consolidated Detail Report'!$B:$B,A18) -> 1 | C18: =SUMIF('Consolidated Detail Report'!$B:$B,A18,'Consolidated Detail Report'!$G:$G) -> 67.360001 | D18: =IFERROR(C18/B18,0) -> 67.360001 | E18: =IFERROR(AVERAGEIF('Consolidated Detail Report'!$B:$B,A18,'Consolidated Detail Report'!$Q:$Q),0) -> 13.003333 | F18: =COUNTIFS('Consolidated Detail Report'!$B:$B,A18,'Consolidated Detail Report'!$G:$G,">1") -> 1 | G18: =COUNTIFS('Consolidated Detail Report'!$B:$B,A18,'Consolidated Detail Report'!$G:$G,"<=1") -> 0 | H18: =COUNTIFS('Consolidated Detail Report'!$B:$B,A18,'Consolidated Detail Report'!$M:$M,"Yes") -> 1 | I18: =COUNTIFS('Consolidated Detail Report'!$B:$B,A18,'Consolidated Detail Report'!$N:$N,"Yes") -> 1 | J18: =COUNTIFS('Consolidated Detail Report'!$B:$B,A18,'Consolidated Detail Report'!$O:$O,"Yes") -> 1 | K18: =COUNTIFS('Consolidated Detail Report'!$B:$B,A18,'Consolidated Detail Report'!$P:$P,"Yes") -> 1 | L18: =IF(E18=MAX($E$2:$E$41),"<-- Most Continuous","")
A19: UP78JN2759 | B19: =COUNTIF('Consolidated Detail Report'!$B:$B,A19) -> 1 | C19: =SUMIF('Consolidated Detail Report'!$B:$B,A19,'Consolidated Detail Report'!$G:$G) -> 74.900002 | D19: =IFERROR(C19/B19,0) -> 74.900002 | E19: =IFERROR(AVERAGEIF('Consolidated Detail Report'!$B:$B,A19,'Consolidated Detail Report'!$Q:$Q),0) -> 12.613333 | F19: =COUNTIFS('Consolidated Detail Report'!$B:$B,A19,'Consolidated Detail Report'!$G:$G,">1") -> 1 | G19: =COUNTIFS('Consolidated Detail Report'!$B:$B,A19,'Consolidated Detail Report'!$G:$G,"<=1") -> 0 | H19: =COUNTIFS('Consolidated Detail Report'!$B:$B,A19,'Consolidated Detail Report'!$M:$M,"Yes") -> 1 | I19: =COUNTIFS('Consolidated Detail Report'!$B:$B,A19,'Consolidated Detail Report'!$N:$N,"Yes") -> 1 | J19: =COUNTIFS('Consolidated Detail Report'!$B:$B,A19,'Consolidated Detail Report'!$O:$O,"Yes") -> 1 | K19: =COUNTIFS('Consolidated Detail Report'!$B:$B,A19,'Consolidated Detail Report'!$P:$P,"Yes") -> 1 | L19: =IF(E19=MAX($E$2:$E$41),"<-- Most Continuous","")
A20: UP78JN2761 | B20: =COUNTIF('Consolidated Detail Report'!$B:$B,A20) -> 1 | C20: =SUMIF('Consolidated Detail Report'!$B:$B,A20,'Consolidated Detail Report'!$G:$G) -> 54.880001 | D20: =IFERROR(C20/B20,0) -> 54.880001 | E20: =IFERROR(AVERAGEIF('Consolidated Detail Report'!$B:$B,A20,'Consolidated Detail Report'!$Q:$Q),0) -> 11.366944 | F20: =COUNTIFS('Consolidated Detail Report'!$B:$B,A20,'Consolidated Detail Report'!$G:$G,">1") -> 1 | G20: =COUNTIFS('Consolidated Detail Report'!$B:$B,A20,'Consolidated Detail Report'!$G:$G,"<=1") -> 0 | H20: =COUNTIFS('Consolidated Detail Report'!$B:$B,A20,'Consolidated Detail Report'!$M:$M,"Yes") -> 1 | I20: =COUNTIFS('Consolidated Detail Report'!$B:$B,A20,'Consolidated Detail Report'!$N:$N,"Yes") -> 1 | J20: =COUNTIFS('Consolidated Detail Report'!$B:$B,A20,'Consolidated Detail Report'!$O:$O,"Yes") -> 1 | K20: =COUNTIFS('Consolidated Detail Report'!$B:$B,A20,'Consolidated Detail Report'!$P:$P,"Yes") -> 1 | L20: =IF(E20=MAX($E$2:$E$41),"<-- Most Continuous","")
A21: UP78JN2762 | B21: =COUNTIF('Consolidated Detail Report'!$B:$B,A21) -> 1 | C21: =SUMIF('Consolidated Detail Report'!$B:$B,A21,'Consolidated Detail Report'!$G:$G) -> 34.080002 | D21: =IFERROR(C21/B21,0) -> 34.080002 | E21: =IFERROR(AVERAGEIF('Consolidated Detail Report'!$B:$B,A21,'Consolidated Detail Report'!$Q:$Q),0) -> 7.1763889 | F21: =COUNTIFS('Consolidated Detail Report'!$B:$B,A21,'Consolidated Detail Report'!$G:$G,">1") -> 1 | G21: =COUNTIFS('Consolidated Detail Report'!$B:$B,A21,'Consolidated Detail Report'!$G:$G,"<=1") -> 0 | H21: =COUNTIFS('Consolidated Detail Report'!$B:$B,A21,'Consolidated Detail Report'!$M:$M,"Yes") -> 1 | I21: =COUNTIFS('Consolidated Detail Report'!$B:$B,A21,'Consolidated Detail Report'!$N:$N,"Yes") -> 1 | J21: =COUNTIFS('Consolidated Detail Report'!$B:$B,A21,'Consolidated Detail Report'!$O:$O,"Yes") -> 1 | K21: =COUNTIFS('Consolidated Detail Report'!$B:$B,A21,'Consolidated Detail Report'!$P:$P,"Yes") -> 1 | L21: =IF(E21=MAX($E$2:$E$41),"<-- Most Continuous","")
A22: UP78JN2763 | B22: =COUNTIF('Consolidated Detail Report'!$B:$B,A22) -> 1 | C22: =SUMIF('Consolidated Detail Report'!$B:$B,A22,'Consolidated Detail Report'!$G:$G) -> 135.91 | D22: =IFERROR(C22/B22,0) -> 135.91 | E22: =IFERROR(AVERAGEIF('Consolidated Detail Report'!$B:$B,A22,'Consolidated Detail Report'!$Q:$Q),0) -> 16.816111 | F22: =COUNTIFS('Consolidated Detail Report'!$B:$B,A22,'Consolidated Detail Report'!$G:$G,">1") -> 1 | G22: =COUNTIFS('Consolidated Detail Report'!$B:$B,A22,'Consolidated Detail Report'!$G:$G,"<=1") -> 0 | H22: =COUNTIFS('Consolidated Detail Report'!$B:$B,A22,'Consolidated Detail Report'!$M:$M,"Yes") -> 1 | I22: =COUNTIFS('Consolidated Detail Report'!$B:$B,A22,'Consolidated Detail Report'!$N:$N,"Yes") -> 1 | J22: =COUNTIFS('Consolidated Detail Report'!$B:$B,A22,'Consolidated Detail Report'!$O:$O,"Yes") -> 1 | K22: =COUNTIFS('Consolidated Detail Report'!$B:$B,A22,'Consolidated Detail Report'!$P:$P,"Yes") -> 1 | L22: =IF(E22=MAX($E$2:$E$41),"<-- Most Continuous","")
A23: UP78JN3415 | B23: =COUNTIF('Consolidated Detail Report'!$B:$B,A23) -> 1 | C23: =SUMIF('Consolidated Detail Report'!$B:$B,A23,'Consolidated Detail Report'!$G:$G) -> 98.540001 | D23: =IFERROR(C23/B23,0) -> 98.540001 | E23: =IFERROR(AVERAGEIF('Consolidated Detail Report'!$B:$B,A23,'Consolidated Detail Report'!$Q:$Q),0) -> 14.618611 | F23: =COUNTIFS('Consolidated Detail Report'!$B:$B,A23,'Consolidated Detail Report'!$G:$G,">1") -> 1 | G23: =COUNTIFS('Consolidated Detail Report'!$B:$B,A23,'Consolidated Detail Report'!$G:$G,"<=1") -> 0 | H23: =COUNTIFS('Consolidated Detail Report'!$B:$B,A23,'Consolidated Detail Report'!$M:$M,"Yes") -> 1 | I23: =COUNTIFS('Consolidated Detail Report'!$B:$B,A23,'Consolidated Detail Report'!$N:$N,"Yes") -> 1 | J23: =COUNTIFS('Consolidated Detail Report'!$B:$B,A23,'Consolidated Detail Report'!$O:$O,"Yes") -> 1 | K23: =COUNTIFS('Consolidated Detail Report'!$B:$B,A23,'Consolidated Detail Report'!$P:$P,"Yes") -> 1 | L23: =IF(E23=MAX($E$2:$E$41),"<-- Most Continuous","")
... A41: UP78LN5012 | B41: =COUNTIF('Consolidated Detail Report'!$B:$B,A41) -> 1 | C41: =SUMIF('Consolidated Detail Report'!$B:$B,A41,'Consolidated Detail Report'!$G:$G) -> 131.67 | D41: =IFERROR(C41/B41,0) -> 131.67 | E41: =IFERROR(AVERAGEIF('Consolidated Detail Report'!$B:$B,A41,'Consolidated Detail Report'!$Q:$Q),0) -> 13.106389 | F41: =COUNTIFS('Consolidated Detail Report'!$B:$B,A41,'Consolidated Detail Report'!$G:$G,">1") -> 1 | G41: =COUNTIFS('Consolidated Detail Report'!$B:$B,A41,'Consolidated Detail Report'!$G:$G,"<=1") -> 0 | H41: =COUNTIFS('Consolidated Detail Report'!$B:$B,A41,'Consolidated Detail Report'!$M:$M,"Yes") -> 1 | I41: =COUNTIFS('Consolidated Detail Report'!$B:$B,A41,'Consolidated Detail Report'!$N:$N,"Yes") -> 1 | J41: =COUNTIFS('Consolidated Detail Report'!$B:$B,A41,'Consolidated Detail Report'!$O:$O,"Yes") -> 1 | K41: =COUNTIFS('Consolidated Detail Report'!$B:$B,A41,'Consolidated Detail Report'!$P:$P,"Yes") -> 1 | L41: =IF(E41=MAX($E$2:$E$41),"<-- Most Continuous","")
A43: This sheet auto-recalculates as soon as you add more vehicle-day rows to the RawData sheet (same vehicle number appearing on multiple days will average correctly).

Sheet Dashboard
B2: VEHICLE TRACKING — ACTIVE DASHBOARD
B5: Fleet Daily Avg KM | E5: Vehicles >1 km Today | H5: Vehicles <=1 km Today | K5: Most Continuous Vehicle
B6: =ROUND(AVERAGE([1]Calculations!D2:D41),2) -> 66.54 | E6: 40 | H6: 0 | K6: =INDEX([1]Calculations!A2:A41,MATCH(MAX([1]Calculations!E2:E41),[1]Calculations!E2:E41,0)) -> UP78GT4959
F9: DISTANCE COVERED — BUCKETS (today)
D10: VEHICLES ACTIVE BY TIME SLOT (today) | F10: Bucket | G10: Vehicle Count
D11: Time Slot | E11: Vehicles Active | F11: Traveled > 1 km | G11: =COUNTIFS([1]RawData!G2:G41,">1") -> #VALUE!
D12: 12:00 AM - 10:00 AM | E12: 39 | F12: Traveled <= 1 km | G12: =COUNTIFS([1]RawData!G2:G41,"<=1") -> #VALUE!
D13: 10:00 AM - 4:00 PM | E13: 40
D14: 4:00 PM - 8:00 PM | E14: 39
D15: 8:00 PM - 11:59 PM | E15: 38
B37: TOP 10 VEHICLES BY DAILY AVG KM
B38: Rank | C38: Vehicle No | D38: Daily Avg KM | E38: Rank
B39: 1 | C39: =IFERROR(INDEX([1]Calculations!$A$2:$A$41,MATCH(D39,[1]Calculations!$D$2:$D$41,0)),"") -> UP78GT4955 | D39: =LARGE([1]Calculations!$D$2:$D$41,1) -> 177.42999 | E39: 1
B40: 2 | C40: =IFERROR(INDEX([1]Calculations!$A$2:$A$41,MATCH(D40,[1]Calculations!$D$2:$D$41,0)),"") -> UP78KT6804 | D40: =LARGE([1]Calculations!$D$2:$D$41,2) -> 170.82001 | E40: 2
B41: 3 | C41: =IFERROR(INDEX([1]Calculations!$A$2:$A$41,MATCH(D41,[1]Calculations!$D$2:$D$41,0)),"") -> UP78JN2763 | D41: =LARGE([1]Calculations!$D$2:$D$41,3) -> 135.91 | E41: 3
B42: 4 | C42: =IFERROR(INDEX([1]Calculations!$A$2:$A$41,MATCH(D42,[1]Calculations!$D$2:$D$41,0)),"") -> UP78LN5012 | D42: =LARGE([1]Calculations!$D$2:$D$41,4) -> 131.67 | E42: 4
B43: 5 | C43: =IFERROR(INDEX([1]Calculations!$A$2:$A$41,MATCH(D43,[1]Calculations!$D$2:$D$41,0)),"") -> UP78GT4959 | D43: =LARGE([1]Calculations!$D$2:$D$41,5) -> 102.79 | E43: 5
B44: 6 | C44: =IFERROR(INDEX([1]Calculations!$A$2:$A$41,MATCH(D44,[1]Calculations!$D$2:$D$41,0)),"") -> UP78JN3415 | D44: =LARGE([1]Calculations!$D$2:$D$41,6) -> 98.540001 | E44: 6
B45: 7 | C45: =IFERROR(INDEX([1]Calculations!$A$2:$A$41,MATCH(D45,[1]Calculations!$D$2:$D$41,0)),"") -> UP78KT4270 | D45: =LARGE([1]Calculations!$D$2:$D$41,7) -> 96.059998 | E45: 7
B46: 8 | C46: =IFERROR(INDEX([1]Calculations!$A$2:$A$41,MATCH(D46,[1]Calculations!$D$2:$D$41,0)),"") -> UP78GT3262 | D46: =LARGE([1]Calculations!$D$2:$D$41,8) -> 90.830002 | E46: 8
B47: 9 | C47: =IFERROR(INDEX([1]Calculations!$A$2:$A$41,MATCH(D47,[1]Calculations!$D$2:$D$41,0)),"") -> UP78KT8355 | D47: =LARGE([1]Calculations!$D$2:$D$41,9) -> 90.139999 | E47: 9
B48: 10 | C48: =IFERROR(INDEX([1]Calculations!$A$2:$A$41,MATCH(D48,[1]Calculations!$D$2:$D$41,0)),"") -> UP78KT8353 | D48: =LARGE([1]Calculations!$D$2:$D$41,10) -> 86.110001 | E48: 10
